index	name	author	DOI	base	0=nao 1=sim
1	Análise do processo terapêutico em grupo para pessoas com Transtorno Bipolar	Deivid Regis dos Santos, Maria Rita Zoéga Soares	http://www.revistas.unam.mx/index.php/acom/article/download/68124/60146	acta	
2	Estrutura das sessões de uma intervenção analítico-comportamental em grupo para pessoas diagnosticadas com transtorno bipolar	Roberta Seles da Costa, Maria Rita Zoéga Soares, Renata Grossi	http://www.revistas.unam.mx/index.php/acom/article/download/58801/51942	acta	
3	O uso da psicoeducação no tratamento do transtorno bipolar.	Ângela Leggerini de Figueiredo, Luciano de Souza, José Caetano Dell´Áglio Jr., Irani Iracema de Lima Argimon	https://doi.org/10.31505/rbtcc.v11i1.412	rbtcc	
4	Transtorno Bipolar: Avaliação de um Programa de Psicoeducação sob o Enfoque da Análise do Comportamento	Samir Vidal Mussi, Maria Rita Zoéga Soares, Renata Grossi	https://doi.org/10.31505/rbtcc.v15i2.602	rbtcc	
5	Do psychological interventions reduce symptoms of depression for patients with bipolar I or II disorder? A meta-analysis.	Yilmaz, Sakir; Huguet, Anna; Kisely, Steve; Rao, Sanjay; Wang, JianLi; Baur, Kayti; Price, Molly; O'Mahen, Heather; Wright, Kim	10.1016/j.jad.2021.12.112	bvs	
6	Moderators of Treatment for Pediatric Bipolar Spectrum Disorders.	Roley-Roberts, Michelle E; Fristad, Mary A	10.1080/15374416.2020.1772082	bvs	
7	Network-level functional topological changes after mindfulness-based cognitive therapy in mood dysregulated adolescents at familial risk for bipolar disorder: a pilot study.	Qin, Kun; Lei, Du; Yang, Jing; Li, Wenbin; Tallman, Maxwell J; Duran, Luis Rodrigo Patino; Blom, Thomas J; Bruns, Kaitlyn M; Cotton, Sian; Sweeney, John A; Gong, Qiyong; DelBello, Melissa P	10.1186/s12888-021-03211-4	bvs	
8	Effect of Action-Based Cognitive Remediation on cognitive impairment in patients with remitted bipolar disorder: A randomized controlled trial.	Ott, Caroline V; Vinberg, Maj; Kessing, Lars V; Bowie, Christopher R; Forman, Julie L; Miskowiak, Kamilla W	10.1111/bdi.13021	bvs	
9	Cognitive remediation therapy for patients with bipolar disorder: A randomised proof-of-concept trial.	Strawbridge, Rebecca; Tsapekos, Dimosthenis; Hodsoll, John; Mantingh, Tim; Yalin, Nefize; McCrone, Paul; Boadu, Janet; Macritchie, Karine; Cella, Matteo; Reeder, Clare; Fish, Jessica; Wykes, Til; Young, Allan H	10.1111/bdi.12968	bvs	
10	Effects of psychological and pharmacological interventions on anxiety symptoms in patients with bipolar disorder in full or partial remission: A systematic review.	Seeberg, I; Nielsen, I B; Jørgensen, C K; Eskestad, N D; Miskowiak, K W	10.1016/j.jad.2020.09.119	bvs	
11	It felt very special, it felt customised to me-A qualitative investigation of the experiences of participating in a clinical trial of CBT for young people at risk of bipolar disorder.	Jones, Wendy Theresa; Peters, Sarah; Byrne, Rory Edward; Shiers, David; Law, Heather; Parker, Sophie	10.1111/papt.12313	bvs	
12	Ethnicity and impact on the receipt of cognitive-behavioural therapy in people with psychosis or bipolar disorder: an English cohort study.	Morris, Rohan Michael; Sellwood, William; Edge, Dawn; Colling, Craig; Stewart, Robert; Cupitt, Caroline; Das-Munshi, Jayati	10.1136/bmjopen-2019-034913	bvs	
13	Adjuvant psychotherapy in early-stage bipolar disorder: study protocol for a randomized controlled trial.	Stamm, Thomas J; Zwick, Julia C; O'Malley, Grace; Sondergeld, Lene-Marie; Hautzinger, Martin	10.1186/s13063-020-04755-8	bvs	
14	Cognitive remediation for the treatment of neuropsychological disturbances in subjects with euthymic bipolar disorder: findings from a controlled study.	Bernabei, Laura; Bersani, Francesco Saverio; Pompili, Enrico; Delle Chiaie, Roberto; Valente, Donatella; Corrado, Alessandra; Vergnani, Lucilla; Ferracuti, Stefano; Biondi, Massimo; Coccanari de'Fornari, Maria Antonietta	10.1016/j.jad.2020.05.073	bvs	
15	Mindfulness-based cognitive therapy for bipolar disorder: A systematic review and meta-analysis.	Xuan, Rongrong; Li, Xiaoming; Qiao, Yuxi; Guo, Qianhui; Liu, Xiaoyu; Deng, Wenrui; Hu, Qian; Wang, Kai; Zhang, Lei	10.1016/j.psychres.2020.113116	bvs	
16	Overcoming challenges in delivering integrated motivational interviewing and cognitive behavioural therapy for bipolar disorder with co-morbid alcohol use: therapist perspectives.	Berry, Katherine; Barrowclough, Christine; Fitsimmons, Mike; Hartwell, Rosalyn; Hilton, Claire; Riste, Lisa; Wilson, Ian; Jones, Steven	10.1017/S1352465820000272	bvs	
17	Continuing the debate: Cognitive enhancement therapy for mood disorders.	Douglas, Katie M; Peckham, Andrew D; Porter, Richard J; Hammar, Åsa	10.1111/bdi.12919	bvs	
18	A cognitive behavioural group therapy for bipolar disorder using daily mood monitoring.	Henken, H T; Kupka, R W; Draisma, S; Lobbestael, J; van den Berg, K; Demacker, S M A; Regeer, E J	10.1017/S1352465820000259	bvs	
19	Efficacy of cognitive-behavioral group therapy in patients at risk for serious mental illness presenting with subthreshold bipolar symptoms: Results from a prespecified interim analysis of a multicenter, randomized, controlled study.	Leopold, Karolina; Bauer, Michael; Bechdolf, Andreas; Correll, Christoph U; Holtmann, Martin; Juckel, Georg; Lambert, Martin; Meyer, Thomas D; Pfeiffer, Steffi; Kittel-Schneider, Sarah; Reif, Andreas; Stamm, Thomas J; Rottmann-Wolf, Maren; Mathiebe, Josephine; Kellmann, Eva L; Ritter, Philipp; Krüger-Özgürdal, Seza; Karow, Anne; Sondergeld, Lene-Marie; Roessner, Veit; Sauer, Cathrin; Pfennig, Andrea	10.1111/bdi.12894	bvs	
20	Effectiveness of an internet-based self-guided program to treat depression in a sample of Brazilian users: a study protocol.	Lopes, Rodrigo T; Meyer, Björn; Berger, Thomas; Svacina, Maria A		bvs	
21	Entering the debate: Cognitive enhancement therapy for mood disorders: A new paradigm?	Burdick, Katherine E; Lewandowski, Kathryn E; Van Rheenen, Tamsyn E	10.1111/bdi.12889	bvs	
22	Feasibility of the Audio Recorded Cognitive Screen in the Assessment of Individuals Undergoing Electroconvulsive Therapy.	Weiss, Alan Michael; Brown, Nicole; Wainwright, Robert; Newtown, Christopher; Schofield, Peter William	10.1097/YCT.0000000000000637	bvs	
23	Mindfulness-based cognitive therapy for children and adolescents with anxiety disorders at-risk for bipolar disorder: A psychoeducation waitlist controlled pilot trial.	Cotton, Sian; Kraemer, Kristen M; Sears, Richard W; Strawn, Jeffrey R; Wasson, Rachel S; McCune, Nina; Welge, Jeffrey; Blom, Thomas J; Durling, Michelle; Delbello, Melissa P	10.1111/eip.12848	bvs	
24	Reward sensitivity and the course of bipolar disorder: A survival analysis in a treatment seeking sample.	Kwan, Janet W; Bauer, Isabelle E; Hautzinger, Martin; Meyer, Thomas D	10.1016/j.jad.2019.10.002	bvs	
25	A guide to behavioural experiments in bipolar disorder.	Palmier-Claus, Jasper; Wright, Kim; Mansell, Warren; Bowe, Samantha; Lobban, Fiona; Tyler, Elizabeth; Lodge, Christopher; Jones, Steve	10.1002/cpp.2415	bvs	
26	Three-year longitudinal cognitive functioning in patients recently diagnosed with bipolar disorder.	Torres, I J; Qian, H; Basivireddy, J; Chakrabarty, T; Wong, H; Lam, R W; Yatham, L N	10.1111/acps.13141	bvs	
27	Feasibility and Acceptability of a Lifestyle Intervention For Individuals With Bipolar Disorder.	Sylvia, Louisa G; Janos, Jessica A; Pegg, Samantha L; Dufour, Steven C; Chang, Weilynn C; Bernstein, Emily E; Davis, Brett; Ellard, Kristen K; Deckersbach, Thilo; Nierenberg, Andrew A	10.1097/PRA.0000000000000426	bvs	
28	Contribuições e principais intervenções da terapia cognitivo comportamental no tratamento do transtorno bipolar/ Contributions and Main Interventions of Cognitive-Behavioral Therapy in the Treatment of Bipolar Disorder	Oliveira, IRonaldo Rodrigues de; Kuhn, Diana; Rigoli, Marcelo Montagner; Bücker, Joana		bvs	
29	Lifestyle interventions for mental health.	Manger, Sam	10.31128/AJGP-06-19-4964	bvs	
30	Cost-Effectiveness Evaluations of Psychological Therapies for Schizophrenia and Bipolar Disorder: A Systematic Review.	Shields, Gemma Elizabeth; Buck, Deborah; Elvidge, Jamie; Hayhurst, Karen Petra; Davies, Linda Mary	10.1017/S0266462319000448	bvs	
31	Focus on Disruptive Mood Dysregulation Disorder: A review of the literature.	Bruno, Antonio; Celebre, Laura; Torre, Giovanna; Pandolfo, Gianluca; Mento, Carmela; Cedro, Clemente; Zoccali, Rocco A; Muscatello, Maria Rosaria Anna	10.1016/j.psychres.2019.05.043	bvs	
32	Feasibility and acceptability of integrated psychological therapy versus treatment as usual for people with bipolar disorder and co-morbid alcohol use: A single blind randomised controlled trial.	Jones, Steven H; Riste, Lisa; Robinson, Heather; Holland, Fiona; Peters, Sarah; Hartwell, Rosalyn; Berry, Katherine; Fitzsimmons, Mike; Wilson, Ian; Hilton, Claire; Long, Rita; Bateman, Lucy; Weymouth, Emma; Owen, Rebecca; Roberts, Chris; Barrowclough, Christine	10.1016/j.jad.2019.05.038	bvs	
33	Study protocol of a multicenter randomized controlled trial of mindfulness-based cognitive therapy and treatment as usual in bipolar disorder.	Hanssen, I; Huijbers, M J; Lochmann-van Bennekom, M W H; Regeer, E J; Stevens, A W M M; Evers, S M A A; Wensing, M; Kupka, R W; Speckens, A E M	10.1186/s12888-019-2115-6	bvs	
34	Cognitive behavioral rehabilitation for bipolar disorder patients: A randomized controlled trial.	Gomes, Bernardo C; Rocca, Cristiana C; Belizario, Gabriel O; de B F Fernandes, Francy; Valois, Iolanda; Olmo, Giselle C; Fachin, Raquel V P; Farhat, Luís C; Lafer, Beny	10.1111/bdi.12784	bvs	
35	Social cognition and interaction training (SCIT) for partially remitted patients with bipolar disorder in China.	Zhang, Yong; Ma, Xiaojuan; Liang, Sixiang; Yu, Wenwen; He, Qianqian; Zhang, Jian; Bian, Yanhui	10.1016/j.psychres.2019.03.002	bvs	
36	Improving functional outcomes in early-stage bipolar disorder: The protocol for the REsearch into COgnitive and behavioural VERsatility trial.	Cotton, Sue M; Berk, Michael; Jackson, Henry; Murray, Greg; Filia, Kate; Hasty, Melissa; Chanen, Andrew; Davey, Christopher; Nelson, Barnaby; Ratheesh, Aswin; MacNeil, Craig	10.1111/eip.12797	bvs	
37	[Influence of a therapeutic patient education (TPE) program on quality of life in bipolar disorder: Preliminary results]./ Influence d'un programme d'éducation thérapeutique du patient (ETP) sur la qualité de vie de personnes souffrant d'un trouble bipolaire : premiers résultats.	Lequimener-de Lorgeril, V; Chirio-Espitalier, M; Grall-Bronnec, M	10.1016/j.encep.2018.04.001	bvs	
38	Mindfulness-based cognitive therapy for bipolar disorder: A systematic review.	Lovas, David A; Schuman-Olivier, Zev	10.1016/j.jad.2018.06.017	bvs	
39	Imagery-Focused Cognitive Therapy (ImCT) for Mood Instability and Anxiety in a Small Sample of Patients with Bipolar Disorder: a Pilot Clinical Audit.	Hales, Susie A; Di Simplicio, Martina; Iyadurai, Lalitha; Blackwell, Simon E; Young, Kerry; Fairburn, Christopher G; Geddes, John R; Goodwin, Guy M; Holmes, Emily A	10.1017/S1352465818000334	bvs	
40	Intrinsic functional neurocircuitry associated with treatment response to transdiagnostic CBT in bipolar disorder with anxiety.	Ellard, Kristen K; Gosai, Aishwarya G; Bernstein, Emily E; Kaur, Navneet; Sylvia, Lousia G; Camprodon, Joan A; Dougherty, Darin D; Nierenberg, Andrew A; Deckersbach, Thilo	10.1016/j.jad.2018.06.002	bvs	
41	Cognitive outcomes of TMS treatment in bipolar depression: Safety data from a randomized controlled trial.	Myczkowski, Martin L; Fernandes, Adriano; Moreno, Marina; Valiengo, Leandro; Lafer, Beny; Moreno, Ricardo A; Padberg, Frank; Gattaz, Wagner; Brunoni, Andre R	10.1016/j.jad.2018.04.022	bvs	
42	[Psychotherapy for people with bipolar disorders : An overview of evidence-based procedures and new developments]./ Psychotherapie für Menschen mit bipolaren Störungen : Übersicht über evidenzbasierte Verfahren und neuere Entwicklungen.	Stamm, T J; Sondergeld, L-M; Juckel, G; Bauer, M	10.1007/s00115-018-0482-8	bvs	
43	Exploring the feasibility and acceptability of a recovery-focused group therapy intervention for adults with bipolar disorder: trial protocol.	Beck, Alison K; Baker, Amanda; Jones, Steven; Lobban, Fiona; Kay-Lambkin, Frances; Attia, John; Banfield, Michelle	10.1136/bmjopen-2017-019203	bvs	
44	Improving functional outcome in bipolar disorder: A pilot study on metacognitive training.	Haffner, Paula; Quinlivan, Esther; Fiebig, Jana; Sondergeld, Lene-Marie; Strasser, Elisa Sophie; Adli, Mazda; Moritz, Steffen; Stamm, Thomas Josef	10.1002/cpp.2124	bvs	
45	A study of the real-world effectiveness of group psychoeducation for bipolar disorders: Is change in illness perception a key mediator of benefit?	Etain, B; Scott, J; Cochet, B; Bellivier, F; Boudebesse, C; Drancourt, N; Lauer, S; Dusser, I; Yon, L; Fouques, D; Richard, J R; Lajnef, M; Leboyer, M; Henry, C	10.1016/j.jad.2017.11.072	bvs	
46	Child- and Family-Focused Cognitive Behavioral Therapy for Pediatric Bipolar Disorder: Applications for Suicide Prevention.	Weinstein, Sally M; Cruz, Rick A; Isaia, Ashley R; Peters, Amy T; West, Amy E	10.1111/sltb.12416	bvs	
47	Transdiagnostic treatment of bipolar disorder and comorbid anxiety using the Unified Protocol for Emotional Disorders: A pilot feasibility and acceptability trial.	Ellard, Kristen K; Bernstein, Emily E; Hearing, Casey; Baek, Ji Hyun; Sylvia, Louisa G; Nierenberg, Andrew A; Barlow, David H; Deckersbach, Thilo	10.1016/j.jad.2017.05.011	bvs	
48	Dialectical Behavior Therapy Group Skills Training for Bipolar Disorder.	Eisner, Lori; Eddie, David; Harley, Rebecca; Jacobo, Michelle; Nierenberg, Andrew A; Deckersbach, Thilo	10.1016/j.beth.2016.12.006	bvs	
49	Efficacy of cognitive-behavioral therapy in patients with bipolar disorder: A meta-analysis of randomized controlled trials.	Chiang, Kai-Jo; Tsai, Jui-Chen; Liu, Doresses; Lin, Chueh-Ho; Chiu, Huei-Ling; Chou, Kuei-Ru	10.1371/journal.pone.0176849	bvs	
50	Self-Reported Long-Term Benefits of Mindfulness-Based Cognitive Therapy in Patients with Bipolar Disorder.	Weber, Béatrice; Sala, Loretta; Gex-Fabry, Marianne; Docteur, Aurélie; Gorwood, Philip; Cordera, Paolo; Bondolfi, Guido; Jermann, Françoise; Aubry, Jean-Michel; Mirabel-Sarron, Christine	10.1089/acm.2016.0427	bvs	
51	Cognitive-behavioral rehabilitation vs. treatment as usual for bipolar patients: study protocol for a randomized controlled trial.	Gomes, Bernardo Carramão; Rocca, Cristiana Castanho; Belizario, Gabriel Okawa; Lafer, Beny	10.1186/s13063-017-1896-5	bvs	
52	Adolescent and Family-focused Cognitive-behavioural Therapy for Paediatric Bipolar Disorders: A Case Series.	Knutsson, Jens; Bäckström, Beata; Daukantaite, Daiva; Lecerof, Fredrik	10.1002/cpp.2027	bvs	
53	What are People's Experiences of a Novel Cognitive Behavioural Therapy for Bipolar Disorders? A Qualitative Investigation with Participants on the TEAMS Trial.	Joyce, Emmeline; Tai, Sara; Gebbia, Piersanti; Mansell, Warren	10.1002/cpp.2040	bvs	
54	Cognitive Analytic Therapy for Bipolar Disorder: A Pilot Randomized Controlled Trial.	Evans, Mark; Kellett, Stephen; Heyland, Simon; Hall, Jo; Majid, Shazmin	10.1002/cpp.2065	bvs	
55	Mediators in the randomized trial of Child- and Family-Focused Cognitive-Behavioral Therapy for pediatric bipolar disorder.	MacPherson, Heather A; Weinstein, Sally M; Henry, David B; West, Amy E	10.1016/j.brat.2016.08.014	bvs	
56	Evidence-Based Psychotherapies and Nutritional Interventions for Children With Bipolar Spectrum Disorders and Their Families.	Fristad, Mary A	10.4088/JCP.15017su1c.04	bvs	
57	Evidence-Based Family Interventions for Adolescents and Young Adults With Bipolar Disorder.	Miklowitz, David J	10.4088/JCP.15017su1c.05	bvs	
58	The long-term outcomes of an effectiveness trial of group versus individual psychoeducation for bipolar disorders.	Kallestad, Håvard; Wullum, Elin; Scott, Jan; Stiles, Tore C; Morken, Gunnar	10.1016/j.jad.2016.05.043	bvs	
59	Adjunctive Behavioral Activation for the Treatment of Bipolar Depression: A Proof of Concept Trial.	Weinstock, Lauren M; Melvin, Caitlin; Munroe, Mary K; Miller, Ivan W	10.1097/PRA.0000000000000142	bvs	
60	Effectiveness of cognitive behavioral therapy in treating bipolar disorder: An updated meta-analysis with randomized controlled trials.	Ye, Bi-Yu; Jiang, Ze-Yu; Li, Xuan; Cao, Bo; Cao, Li-Ping; Lin, Yin; Xu, Gui-Yun; Miao, Guo-Dong	10.1111/pcn.12399	bvs	
61	The management of bipolar disorder.	Saunders, Kate E A; Geddes, John R	10.12968/hmed.2016.77.3.175	bvs	
62	Feasibility randomised controlled trial of Recovery-focused Cognitive Behavioural Therapy for Older Adults with bipolar disorder (RfCBT-OA): study protocol.	Tyler, Elizabeth; Lobban, Fiona; Sutton, Chris; Depp, Colin; Johnson, Sheri; Laidlaw, Ken; Jones, Steven H	10.1136/bmjopen-2015-010590	bvs	
63	Psychotherapeutic Treatment of Bipolar Depression.	McMahon, Kibby; Herr, Nathaniel R; Zerubavel, Noga; Hoertel, Nicolas; Neacsiu, Andrada D	10.1016/j.psc.2015.09.005	bvs	
64	Neural Function Before and After Mindfulness-Based Cognitive Therapy in Anxious Adolescents at Risk for Developing Bipolar Disorder.	Strawn, Jeffrey R; Cotton, Sian; Luberto, Christina M; Patino, L Rodrigo; Stahl, Lauren A; Weber, Wade A; Eliassen, James C; Sears, Richard; DelBello, Melissa P	10.1089/cap.2015.0054	bvs	
65	Mental imagery and bipolar disorders: Introducing scope for psychological treatment development?	Ng, Roger M K; Di Simplicio, Martina; Holmes, Emily A	10.1177/0020764015615905	bvs	
66	Reliability and validity of the DBT-VLCS: A measure to code validation strategies in dialectical behavior therapy sessions.	Carson-Wong, Amanda; Rizvi, Shireen	10.1080/10503307.2014.966347	bvs	
67	Mindfulness-based cognitive therapy for youth with anxiety disorders at risk for bipolar disorder: a pilot trial.	Cotton, Sian; Luberto, Christina M; Sears, Richard W; Strawn, Jeffrey R; Stahl, Lauren; Wasson, Rachel S; Blom, Thomas J; Delbello, Melissa P	10.1111/eip.12216	bvs	
68	Appraisals to affect: Testing the integrative cognitive model of bipolar disorder.	Palmier-Claus, Jasper E; Dodd, Alyson; Tai, Sara; Emsley, Richard; Mansell, Warren	10.1111/bjc.12081	bvs	
69	Tratamento Cognitivo-Comportamental sinérgico de dependência química, bulimia nervosa e transtorno bipolar/ Synergistic Cognitive Behavioural Treatment of chemical dependency, bulimia nervosa and bipolar disorder	Lucena-Santos, Paola; Araujo, Renata Brasil		bvs	
70	Tratamento cognitivo-comportamental sinérgico de dependência química, bulimia nervosa e transtorno bipolar/ Synergistic cognitive behavioural treatment of chemical dependency, bulimia nervosa and bipolar disorder	Lucena-Santos, Paola; Araujo, Renata Brasil		bvs	
71	Reward Processing in Unipolar and Bipolar Depression: A Functional MRI Study.	Redlich, Ronny; Dohm, Katharina; Grotegerd, Dominik; Opel, Nils; Zwitserlood, Pienie; Heindel, Walter; Arolt, Volker; Kugel, Harald; Dannlowski, Udo	10.1038/npp.2015.110	bvs	
72	A web-based preventive intervention program for bipolar disorder: outcome of a 12-months randomized controlled trial.	Barnes, Caryl W; Hadzi-Pavlovic, Dusan; Wilhelm, Kay; Mitchell, Philip B	10.1016/j.jad.2014.11.038	bvs	
73	Treatment moderators of child- and family-focused cognitive-behavioral therapy for pediatric bipolar disorder.	Weinstein, Sally M; Henry, David B; Katz, Andrea C; Peters, Amy T; West, Amy E	10.1016/j.jaac.2014.11.007	bvs	
74	A randomized head to head trial of MoodSwings.net.au: an Internet based self-help program for bipolar disorder.	Lauder, Sue; Chester, Andrea; Castle, David; Dodd, Seetal; Gliddon, Emma; Berk, Lesley; Chamberlain, James; Klein, Britt; Gilbert, Monica; Austin, David W; Berk, Michael	10.1016/j.jad.2014.08.008	bvs	
75	Recovery-focused cognitive-behavioural therapy for recent-onset bipolar disorder: randomised controlled pilot trial.	Jones, Steven H; Smith, Gina; Mulligan, Lee D; Lobban, Fiona; Law, Heather; Dunn, Graham; Welford, Mary; Kelly, James; Mulligan, John; Morrison, Anthony P	10.1192/bjp.bp.113.141259	bvs	
76	Combined treatment: impact of optimal psychotherapy and medication in bipolar disorder.	Parikh, Sagar V; Hawke, Lisa D; Velyvis, Vytas; Zaretsky, Ari; Beaulieu, Serge; Patelis-Siotis, Irene; MacQueen, Glenda; Young, L Trevor; Yatham, Lakshmi N; Cervantes, Pablo	10.1111/bdi.12233	bvs	
77	Dialectical behavior therapy for adolescents with bipolar disorder: results from a pilot randomized trial.	Goldstein, Tina R; Fersch-Podrat, Rachael K; Rivera, Maribel; Axelson, David A; Merranko, John; Yu, Haifeng; Brent, David A; Birmaher, Boris	10.1089/cap.2013.0145	bvs	
78	Efficacy of psychoeducational family intervention for bipolar I disorder: A controlled, multicentric, real-world study.	Fiorillo, Andrea; Del Vecchio, Valeria; Luciano, Mario; Sampogna, Gaia; De Rosa, Corrado; Malangone, Claudio; Volpe, Umberto; Bardicchia, Francesco; Ciampini, Giuseppina; Crocamo, Cristina; Iapichino, Sonia; Lampis, Debora; Moroni, Anna; Orlandi, Emanuele; Piselli, Massimiliano; Pompili, Enrico; Veltro, Franco; Carrà, Giuseppe; Maj, Mario	10.1016/j.jad.2014.10.021	bvs	
79	Child- and family-focused cognitive-behavioral therapy for pediatric bipolar disorder: a randomized clinical trial.	West, Amy E; Weinstein, Sally M; Peters, Amy T; Katz, Andrea C; Henry, David B; Cruz, Rick A; Pavuluri, Mani N	10.1016/j.jaac.2014.08.013	bvs	
80	A novel cognitive behaviour therapy for bipolar disorders (Think Effectively About Mood Swings or TEAMS): study protocol for a randomized controlled trial.	Mansell, Warren; Tai, Sara; Clark, Alexandra; Akgonul, Savas; Dunn, Graham; Davies, Linda; Law, Heather; Morriss, Richard; Tinning, Neil; Morrison, Anthony P	10.1186/1745-6215-15-405	bvs	
81	A web-based self-management intervention for Bipolar Disorder 'living with bipolar': a feasibility randomised controlled trial.	Todd, Nicholas J; Jones, Steven H; Hart, Anna; Lobban, Fiona A	10.1016/j.jad.2014.07.027	bvs	
82	Early specific cognitive-behavioural psychotherapy in subjects at high risk for bipolar disorders: study protocol for a randomised controlled trial.	Pfennig, Andrea; Leopold, Karolina; Bechdolf, Andreas; Correll, Christoph U; Holtmann, Martin; Lambert, Martin; Marx, Carolin; Meyer, Thomas D; Pfeiffer, Steffi; Reif, Andreas; Rottmann-Wolf, Maren; Schmitt, Natalie M; Stamm, Thomas; Juckel, Georg; Bauer, Michael	10.1186/1745-6215-15-161	bvs	
83	Cognitive behavioral therapy for insomnia in euthymic bipolar disorder: study protocol for a randomized controlled trial.	Steinan, Mette Kvisten; Krane-Gartiser, Karoline; Langsrud, Knut; Sand, Trond; Kallestad, Håvard; Morken, Gunnar	10.1186/1745-6215-15-24	bvs	
84	[Group psychoeducation in bipolar mood disorders - the influence on the cognitive representation of the illness. The results of the program Taming the bipolar affective disorder"]./ Grupowa psychoedukacja w dwubiegunowych zaburzeniach nastroju - wplyw na poznawcza reprezentacje choroby. Wyniki programu "Oswajanie choroby afektywnej dwubiegunowej""	Maczka, Grzegorz; Grabski, Bartosz; Dudek, Dominika; Gierowski, Józef	10.12740/PP/24992	bvs	
85	Mindfulness based cognitive therapy may improve emotional processing in bipolar disorder: pilot ERP and HRV study.	Howells, Fleur M; Laurie Rauch, H G; Ives-Deliperi, Victoria L; Horn, Neil R; Stein, Dan J	10.1007/s11011-013-9462-7	bvs	
86	Psychoeducation and cognitive-behavioral therapy for patients with refractory bipolar disorder: a 5-year controlled clinical trial.	González Isasi, A; Echeburúa, E; Limiñana, J M; González-Pinto, A	10.1016/j.eurpsy.2012.11.002	bvs	
87	Behavioral treatment of insomnia in bipolar disorder.	Kaplan, Katherine A; Harvey, Allison G	10.1176/appi.ajp.2013.12050708	bvs	
88	The effects of mindfulness-based cognitive therapy in patients with bipolar disorder: a controlled functional MRI investigation.	Ives-Deliperi, Victoria L; Howells, Fleur; Stein, Dan J; Meintjes, Ernesta M; Horn, Neil	10.1016/j.jad.2013.05.074	bvs	
89	[Psychotherapeutic interventions in bipolar disorders--treatment programmes, their contents and effectiveness]./ Psychotherapie bei bipolaren Störungen--Therapiekonzepte, ihre Inhalte und Wirksamkeit.	Schaub, A; Neubauer, N	10.1055/s-0033-1335246	bvs	
90	[Cognitive-psychoeducational group programme for bipolar disorder: pilot study with two-year follow-up]./ Kognitiv-psychoedukative Gruppenintervention bei bipolar erkrankten Patienten: Pilotstudie mit Zwei-Jahres-Katamnese.	Schaub, A; Neubauer, N; Bernhard, B; Born, C; Möller, H-J; Grunze, H	10.1055/s-0033-1335242	bvs	
91	The association between meditation practice and treatment outcome in Mindfulness-based Cognitive Therapy for bipolar disorder.	Perich, Tania; Manicavasagar, Vijaya; Mitchell, Philip B; Ball, Jillian R	10.1016/j.brat.2013.03.006	bvs	
92	A randomised controlled trial of time limited CBT informed psychological therapy for anxiety in bipolar disorder.	Jones, Steven; McGrath, Elly; Hampshire, Kay; Owen, Rebecca; Riste, Lisa; Roberts, Chris; Davies, Linda; Mayes, Debbie	10.1186/1471-244X-13-54	bvs	
93	New approaches in the treatment of bipolar depression.	Saunders, Kate E A; Goodwin, G M	10.1007/7854_2012_209	bvs	
94	A randomized, controlled, pilot study of dialectical behavior therapy skills in a psychoeducational group for individuals with bipolar disorder.	Van Dijk, Sheri; Jeffrey, Janet; Katz, Mark R	10.1016/j.jad.2012.05.054	bvs	
95	A randomized controlled trial of mindfulness-based cognitive therapy for bipolar disorder.	Perich, T; Manicavasagar, V; Mitchell, P B; Ball, J R; Hadzi-Pavlovic, D	10.1111/acps.12033	bvs	
96	A randomised controlled trial of recovery focused CBT for individuals with early bipolar disorder.	Jones, Steven; Mulligan, Lee D; Law, Heather; Dunn, Graham; Welford, Mary; Smith, Gina; Morrison, Anthony P	10.1186/1471-244X-12-204	bvs	
97	Evidence-based options for treatment-resistant adult bipolar disorder patients.	Poon, Shi Hui; Sim, Kang; Sum, Min Yi; Kuswanto, Carissa Nadia; Baldessarini, Ross J	10.1111/j.1399-5618.2012.01042.x	bvs	
98	Group cognitive behavior therapy for bipolar disorder can improve the quality of life	Costa, R.T.; Cheniaux, E.; Rangé, B.P.; Versiani, M.; Nardi, A.E.	10.1590/S0100-879X2012000900011	bvs	
99	A randomized controlled trial of psychoeducation or cognitive-behavioral therapy in bipolar disorder: a Canadian Network for Mood and Anxiety treatments (CANMAT) study [CME].	Parikh, Sagar V; Zaretsky, Ari; Beaulieu, Serge; Yatham, Lakshmi N; Young, L Trevor; Patelis-Siotis, Irene; Macqueen, Glenda M; Levitt, Anthony; Arenovich, Tamara; Cervantes, Pablo; Velyvis, Vytas; Kennedy, Sidney H; Streiner, David L	10.4088/JCP.11m07343	bvs	
100	Group cognitive behavior therapy for bipolar disorder can improve the quality of life.	Costa, R T; Cheniaux, E; Rangé, B P; Versiani, M; Nardi, A E		bvs	
101	Mindfulness based cognitive therapy improves frontal control in bipolar disorder: a pilot EEG study.	Howells, Fleur M; Ives-Deliperi, Victoria L; Horn, Neil R; Stein, Dan J	10.1186/1471-244X-12-15	bvs	
102	[Non pharmacological treatment for bipolar disorder]./ Les thérapies non-médicamenteuses dans les troubles bipolaires.	Mirabel-Sarron, Christine; Giachetti, Raphaël	10.1016/S0013-7006(12)70094-5	bvs	
103	[Psychotherapeutic and psychosocial interventions and endophenotypes in bipolar disorders]./ Interventions psychothérapeutiques et psychosociales et endophénotypes dans les troubles bipolaires.	Correard, N; Elissalde, S N; Azorin, J-M; Fakra, E; Belzeaux, R	10.1016/S0013-7006(12)70088-X	bvs	
104	Cognitive behaviour therapy and supportive therapy for bipolar disorders: relapse rates for treatment period and 2-year follow-up.	Meyer, T D; Hautzinger, M	10.1017/S0033291711002522	bvs	
105	Mindfulness-based cognitive therapy for nonremitted patients with bipolar disorder.	Deckersbach, Thilo; Hölzel, Britta K; Eisner, Lori R; Stange, Jonathan P; Peckham, Andrew D; Dougherty, Darin D; Rauch, Scott L; Lazar, Sara; Nierenberg, Andrew A	10.1111/j.1755-5949.2011.00236.x	bvs	
106	Think Effectively About Mood Swings (TEAMS): a case series of cognitive-behavioural therapy for bipolar disorders.	Searson, Ruth; Mansell, Warren; Lowens, Ian; Tai, Sara	10.1016/j.jbtep.2011.10.001	bvs	
107	Mindfulness-based cognitive therapy for bipolar disorder:  effects on cognitive functioning.	Stange, Jonathan P; Eisner, Lori R; Hölzel, Britta K; Peckham, Andrew D; Dougherty, Darin D; Rauch, Scott L; Nierenberg, Andrew A; Lazar, Sara; Deckersbach, Thilo	10.1097/01.pra.0000407964.34604.03	bvs	
108	Integrated motivational interviewing and cognitive-behavioural therapy for bipolar disorder with comorbid substance use.	Jones, Steven H; Barrowclough, Christine; Allott, Rory; Day, Christine; Earnshaw, Paul; Wilson, Ian	10.1002/cpp.783	bvs	
109	The effectiveness of cognitive behavioral group therapy in treating bipolar disorder: a randomized controlled study.	Costa, Rafael Thomaz da; Cheniaux, Elie; Rosaes, Pedro Augusto Legnani; Carvalho, Marcele Regine de; Freire, Rafael Christophe da Rocha; Versiani, Márcio; Rangé, Bernard Pimentel; Nardi, Antonio Egidio		bvs	
110	[Psychoeducational group and bipolar affective disorder: a reflection on the asylum and psychosocial models]./ Grupo de psicoeducação no transtorno afetivo bipolar: reflexão sobre o modo asilar e o modo psicossocial.	Menezes, Sarita Lopes; de Mello E Souza, Maria Conceição Bernardo		bvs	
111	Grupo de psicoeducação no transtorno afetivo bipolar: reflexão sobre o modo asilar e o modo psicossocial/ Psychoeducational group and bipolar affective disorder: a reflection on the asylum and psychosocial models/ Grupo de psicoeducación en el transtorno afectivo bipolar: reflexión sobre el modelo asilar y el modelo psicosocial	Menezes, Sarita Lopes; Mello e Souza, Maria Conceição Bernardo de	10.1590/S0080-62342011000400029	bvs	
112	A randomized controlled trial of cognitive behavioral group therapy for bipolar disorder.	Gomes, B C; Abreu, L N; Brietzke, E; Caetano, S C; Kleinman, A; Nery, F G; Lafer, B	10.1159/000320738	bvs	
113	Sex-specific cortisol levels in bipolar disorder and schizophrenia during mental challenge--relationship to clinical characteristics and medication.	Steen, Nils Eiel; Lorentzen, Steinar; Barrett, Elizabeth A; Lagerberg, Trine V; Hope, Sigrun; Larsson, Sara; Berg, Akiah O; Agartz, Ingrid; Melle, Ingrid; Berg, Jens P; Andreassen, Ole A	10.1016/j.pnpbp.2011.03.008	bvs	
114	Treating nonspecific anxiety and anxiety disorders in patients with bipolar disorder: a review.	Rakofsky, Jeffrey J; Dunlop, Boadie W	10.4088/JCP.09r05815gre	bvs	
115	Self-management strategies used by 'high functioning' individuals with bipolar disorder: from research to clinical practice.	Murray, Greg; Suto, Melinda; Hole, Rachelle; Hale, Sandra; Amari, Erica; Michalak, Erin E	10.1002/cpp.710	bvs	
116	Which psychosocial interventions in bipolar depression?	Scott, J; Etain, B	10.1016/S0013-7006(11)70056-2	bvs	
117	Psychotherapies for comorbid anxiety in bipolar spectrum disorders.	Provencher, Martin D; Hawke, Lisa D; Thienot, Emmanuelle	10.1016/j.jad.2010.10.040	bvs	
118	Estudo comparativo da adição da terapia cognitivo comportamental e da psicoeducação ao tratamento padrão do transtorno bipolar em idosos/ Comparative study of the addition of cognitive behavioral therapy and psychoeducation to standard treatment of bipolar disorder in the elderly	Oliveira, Roseli Lage de		bvs	
119	An approach to the patient with dysregulated mood: major depression and bipolar disorder.	Querques, John; Kontos, Nicholas	10.1016/j.mcna.2010.08.011	bvs	
120	Cognitive impairment in bipolar disorder: an overview.	Manove, Emily; Levy, Boaz	10.3810/pgm.2010.07.2170	bvs	
121	Cognitive-behavioral therapy for depression in bipolar disorder: a meta-analysis.	Gregory, Virgil L	10.1080/15433710903176088	bvs	
122	Cognitive-behavioral therapy for bipolar disorder.	da Costa, Rafael Thomaz; Rangé, Bernard Pimentel; Malagris, Lucia Emmanoel Novaes; Sardinha, Aline; de Carvalho, Marcele Regine; Nardi, Antonio Egidio	10.1586/ern.10.75	bvs	
123	Mindfulness-based cognitive therapy for bipolar disorder: a feasibility trial.	Weber, B; Jermann, F; Gex-Fabry, M; Nallet, A; Bondolfi, G; Aubry, J-M	10.1016/j.eurpsy.2010.03.007	bvs	
124	The clinical significance of creativity in bipolar disorder.	Murray, Greg; Johnson, Sheri L	10.1016/j.cpr.2010.05.006	bvs	
125	How effective is a psychological intervention program for patients with refractory bipolar disorder? A randomized controlled trial.	Isasi, Ana González; Echeburúa, Enrique; Limiñana, José María; González-Pinto, Ana	10.1016/j.jad.2010.03.026	bvs	
126	Disorder-specific psychosocial interventions for bipolar disorder--a systematic review of the evidence for mental health nursing practice.	Crowe, Marie; Whitehead, Lisa; Wilson, Lynere; Carlyle, Dave; O'Brien, Anthony; Inder, Maree; Joyce, Peter	10.1016/j.ijnurstu.2010.02.012	bvs	
127	Long-term efficacy of a psychological intervention program for patients with refractory bipolar disorder: a pilot study.	González-Isasi, Ana; Echeburúa, Enrique; Mosquera, Fernando; Ibáñez, Berta; Aizpuru, Felipe; González-Pinto, Ana	10.1016/j.psychres.2008.06.047	bvs	
128	The efficacy of cognitive-behavioral therapy in bipolar disorder: a quantitative meta-analysis.	Szentagotai, Aurora; David, Daniel	10.4088/JCP.08r04559yel	bvs	
129	RESEARCH: Cognitive rehabilitation for bipolar disorder: An open trial for employed patients with residual depressive symptoms.	Deckersbach, Thilo; Nierenberg, Andrew A; Kessler, Ronald; Lund, Hannah G; Ametrano, Rebecca M; Sachs, Gary; Rauch, Scott L; Dougherty, Darin	10.1111/j.1755-5949.2009.00110.x	bvs	
130	The process of recovery from bipolar I disorder: a qualitative analysis of personal accounts in relation to an integrative cognitive model.	Mansell, Warren; Powell, Seth; Pedley, Rebecca; Thomas, Nia; Jones, Sarah Amelia	10.1348/014466509X451447	bvs	
131	Cognitive behavioural therapy for major psychiatric disorder: does it really work? A meta-analytical review of well-controlled trials.	Lynch, D; Laws, K R; McKenna, P J	10.1017/S003329170900590X	bvs	
132	Enhancing outcomes in patients with bipolar disorder: results from the Bipolar Disorder Center for Pennsylvanians Study.	Fagiolini, Andrea; Frank, Ellen; Axelson, David A; Birmaher, Boris; Cheng, Yu; Curet, David E; Friedman, Edward S; Gildengers, Ariel G; Goldstein, Tina; Grochocinski, Victoria J; Houck, Patricia R; Stofko, Mary G; Thase, Michael E; Thompson, Wesley K; Turkin, Scott R; Kupfer, David J	10.1111/j.1399-5618.2009.00700.x	bvs	
133	Canadian Network for Mood and Anxiety Treatments (CANMAT) and International Society for Bipolar Disorders (ISBD) collaborative update of CANMAT guidelines for the management of patients with bipolar disorder: update 2009.	Yatham, Lakshmi N; Kennedy, Sidney H; Schaffer, Ayal; Parikh, Sagar V; Beaulieu, Serge; O'Donovan, Claire; MacQueen, Glenda; McIntyre, Roger S; Sharma, Verinder; Ravindran, Arun; Young, L Trevor; Young, Allan H; Alda, Martin; Milev, Roumen; Vieta, Eduard; Calabrese, Joseph R; Berk, Michael; Ha, Kyooseob; Kapczinski, Flávio	10.1111/j.1399-5618.2009.00672.x	bvs	
134	Psychosocial treatments for childhood and adolescent bipolar disorder.	West, Amy E; Pavuluri, Mani N	10.1016/j.chc.2008.11.009	bvs	
135	Influence of clinical and neuropsychological variables on the psychosocial and occupational outcome of remitted bipolar patients.	Mur, Maria; Portella, Maria J; Martinez-Aran, Anabel; Pifarre, Josep; Vieta, Eduard	10.1159/000207456	bvs	
136	The impact of psychotherapy sessions: internal structure of the Dutch Session Evaluation Questionnaire (SEQ).	Hafkenscheid, Anton	10.1348/147608308X380750	bvs	
137	Cognitive-behavioural treatment of first diagnosis bipolar disorder.	Jones, Steven H; Burrell-Hodgson, Gerrard	10.1002/cpp.584	bvs	
138	An adaptation of the Interpersonal Problem Areas Rating Scale: pilot and interrater agreement study/ Adaptação da Escala de Áreas Problema da Psicoterapia Interpessoal: estudo piloto e avaliação de concordância	Andrade, Ana Claudia Fontes de; Frank, Ellen; Lotufo Neto, Francisco; Houck, Patricia R		bvs	
139	[Functional behavior and psychosocial therapy in bipolar disorder]./ Devenir fonctionnel et thérapeutiques psycho-sociales dans le trouble bipolaire.	Gut-Fayand, A	10.1016/S0013-7006(08)80628-8	bvs	
140	Adjunctive psychotherapy for bipolar disorder: state of the evidence.	Miklowitz, David J	10.1176/appi.ajp.2008.08040488	bvs	
141	Dysfunctional attitudes and cognitive schemas in bipolar manic and unipolar depressed outpatients: implications for cognitively based psychotherapeutics.	Goldberg, Joseph F; Gerstein, Rachel K; Wenze, Susan J; Welker, Tara M; Beck, Aaron T	10.1097/NMD.0b013e3181663015	bvs	
142	Psychosocial interventions as adjunctive therapy for bipolar disorder.	Sachs, Gary S	10.1097/01.pra.0000320125.99423.b7	bvs	
143	Psicoterapia em grupo de pacientes com transtorno afetivo bipolar/ Group psychotherapy for bipolar disorder patients	Gomes, Bernardo Carramão; Lafer, Beny		bvs	
144	Abordagens psicoterápicas no transtorno bipolar/ Psychoterapeutic approach in bipolar disorder	Knapp, Paulo; Isolan, Luciano		bvs	
145	Adesão ao tratamento no transtorno bipolar/ Compliance to treatment in bipolar disorder	Santin, Aida; Ceresér, Keila; Rosa, Adriane		bvs	
146	Terapia comportamental cognitiva para pessoas com transtorno bipolar/ Cognitive behavioral therapy for bipolar disorders	Lotufo Neto, Francisco		bvs	
147	Melhorando o desfecho do transtorno bipolar usando estratégias não farmacológicas: o papel da psicoeducação/ Improving the outcome of bipolar disorder through non-pharmacological strategies: the role of psychoeducation	Colom, Francesc; Vieta, Eduard		bvs	
148	Terapia cognitiva: abordagem para o transtorno afetivo bipolar/ Cognitive-behavioral therapy for the bipolar disorder patients	Juruena, Mario Franscisco		bvs	
149	What Is the Optimal Treatment of Mood and Anxiety Disorders?	Fava, Giovanni A.;Ruini, Chiara	https://doi.org/10.1093/clipsy.bpi011	psycnet	
150	The nature of and behavioral treatment of sleep problems in youth with bipolar disorder.	Schwartz, Lisa A.;Feeny, Norah C.	https://doi.org/10.1037/h0100173	psycnet	
151	Review of Cognitive-behavioral therapy for bipolar disorder.	Zipple, Anthony	https://doi.org/10.1037/h0095354	psycnet	
152	Bipolar disorder and family communication: Effects of a psychoeducational treatment program.	Simoneau, Teresa L.;Miklowitz, David J.;Richards, Jeffrey A.;Saleem, Rakhshanda;George, Elizabeth L.	https://doi.org/10.1037/0021-843X.108.4.588	psycnet	
153	Expressed emotion and attributions in the relatives of bipolar patients: An analysis of problem-solving interactions.	Wendel, Jennifer S.;Miklowitz, David J.;Richards, Jeffrey A.;George, Elizabeth L.	https://doi.org/10.1037/0021-843X.109.4.792	psycnet	
154	Combined Psychotherapy and Pharmacotherapy for Mood and Anxiety Disorders in Adults: Review and Analysis.	Otto, Michael W.;Smits, Jasper A. J.;Reese, Hannah E.	https://doi.org/10.1093/clipsy.bpi009	psycnet	
155	Review of Cognitive-behavioral therapy for bipolar disorder and Cognitive therapy for delusions, voices, and paranoia.	Malouf, John	https://doi.org/10.1037/h0092376	psycnet	
156	Memory for therapy in bipolar disorder and comorbid insomnia.	Lee, Jason Y.;Harvey, Allison G.	https://doi.org/10.1037/a0037911	psycnet	
157	Contextual cognitive-behavioral therapies across the psychosis continuum: A review of evidence for schizophrenia, schizoaffective and bipolar disorders.	Martins, Maria João Ruivo Ventura;Castilho, Paula;Carvalho, Célia Barreto;Pereira, Ana Telma;Santos, Vitor;Gumley, Andrew;de Macedo, António Ferreira	https://doi.org/10.1027/1016-9040/a000283	psycnet	
158	Treating insomnia improves mood state, sleep, and functioning in bipolar disorder: A pilot randomized controlled trial.	Harvey, Allison G.;Soehner, Adriane M.;Kaplan, Kate A.;Hein, Kerrie;Lee, Jason;Kanady, Jennifer;Li, Descartes;Rabe-Hesketh, Sophia;Ketter, Terence A.;Neylan, Thomas C.;Buysse, Daniel J.	https://doi.org/10.1037/a0038655	psycnet	
159	Adjunctive Psychotherapy for Bipolar Disorder: A Systematic Review and Component Network Meta-analysis	Miklowitz DJ, Efthimiou O, Furukawa TA, Scott J, McLaren R, Geddes JR, Cipriani A.	10.1001/jamapsychiatry.2020.2993	pubmed	
160	Efficacy of cognitive-behavioral therapy in patients with bipolar disorder: A meta-analysis of randomized controlled trials	Chiang KJ, Tsai JC, Liu D, Lin CH, Chiu HL, Chou KR.	10.1371/journal.pone.0176849	pubmed	
161	Dialectical Behavior Therapy Group Skills Training for Bipolar Disorder	Eisner L, Eddie D, Harley R, Jacobo M, Nierenberg AA, Deckersbach T.	10.1016/j.beth.2016.12.006	pubmed	
162	Narrative Analyses: Cognitive Behavior Group Therapy for Women with Menopause and Bipolar or Major Depressive Disorders	Conklin D, Carpenter JS, Whitney MS, DeLozier S, Ogede DO, Bazella C, McVoy M, Sajatovic M.	10.1089/whr.2021.0025	pubmed	
163	Transdiagnostic group cognitive behaviour therapy for anxiety in bipolar disorder-a pilot feasibility and acceptability study	Perich T, Mitchell PB, Meade T.	10.1186/s40814-020-00719-6	pubmed	
164	Pilot Randomized Controlled Trial of Web-Delivered Acceptance and Commitment Therapy Versus Smokefree.gov for Smokers With Bipolar Disorder	Heffner JL, Kelly MM, Waxmonsky J, Mattocks K, Serfozo E, Bricker JB, Mull KE, Watson NL, Ostacher M.	10.1093/ntr/ntz242	pubmed	
165	Ethnicity and impact on the receipt of cognitive-behavioural therapy in people with psychosis or bipolar disorder: an English cohort study	Morris RM, Sellwood W, Edge D, Colling C, Stewart R, Cupitt C, Das-Munshi J.	10.1136/bmjopen-2019-034913	pubmed	
166	Mindfulness-based cognitive therapy for children and adolescents with anxiety disorders at-risk for bipolar disorder: A psychoeducation waitlist controlled pilot trial	Cotton S, Kraemer KM, Sears RW, Strawn JR, Wasson RS, McCune N, Welge J, Blom TJ, Durling M, Delbello MP.	10.1111/eip.12848	pubmed	